aparcstats2table	aparcstats2table
aparcstats2table.help	aparcstats2table.help
aparcs_to_bg	aparcs_to_bg
asegstats2table	asegstats2table
asegstats2table.help	asegstats2table.help
autorecon1	recon_manual
autorecon2	recon_manual
autorecon3	recon_manual
checkmnc	checkmnc-methods
checkmnc,character-method	checkmnc-methods
checkmnc,list-method	checkmnc-methods
checkmnc,nifti-method	checkmnc-methods
checkmnc-methods	checkmnc-methods
check_fs_result	check_fs_result
construct_subj_dir	construct_subj_dir
convert_surface	convert_surface
ensure_mnc	checkmnc-methods
freesurferdir	freesurferdir
freesurfer_dir	freesurferdir
freesurfer_read3	freesurfer_read3
freesurfer_read3_con	freesurfer_read3_con
freesurfer_read_curv	freesurfer_read_curv
freesurfer_read_surf	freesurfer_read_surf
fs_cmd	fs_cmd
fs_dir	freesurferdir
fs_help	fs_help
fs_imgext	fs_imgext
fs_lut	fs_lut
fs_subj_dir	fs_subj_dir
fs_version	fs_version
get_fs	get_fs
get_fs_output	get_fs_output
have_fs	have_fs
mnc2nii	mnc2nii
mnc2nii.help	mnc2nii.help
mris_convert	mris_convert
mris_convert.help	mris_convert.help
mris_convert_annot	mris_convert_annot
mris_convert_curv	mris_convert_curv
mris_convert_normals	mris_convert_normals
mris_convert_vertex	mris_convert_vertex
mris_euler_number	mris_euler_number
mris_euler_number.help	mris_euler_number.help
mri_convert	mri_convert
mri_convert.help	mri_convert.help
mri_info	mri_info
mri_info.help	mri_info.help
mri_mask	mri_mask
mri_mask.help	mri_mask.help
mri_normalize	mri_normalize
mri_normalize.help	mri_normalize.help
mri_segment	mri_segment
mri_segment.help	mri_segment.help
mri_surf2surf	mri_surf2surf
mri_surf2surf.help	mri_surf2surf.help
mri_watershed	mri_watershed
mri_watershed.help	mri_watershed.help
nii2mnc	nii2mnc
nii2mnc.help	nii2mnc.help
nu_correct	nu_correct
nu_correct.help	nu_correct.help
readmgh	readmgz
readmgz	readmgz
readmnc	readmnc
read_aseg_stats	read_aseg_stats
read_fs_label	read_fs_label
read_fs_table	read_fs_table
recon	recon
reconner	reconner
recon_all	recon_all
recon_con1	recon_manual
recon_con1,recon_con2,recon_con3	recon_manual
recon_con2	recon_manual
recon_con3	recon_manual
run_check_fs_cmd	run_check_fs_cmd
set_fs_subj_dir	set_fs_subj_dir
surface_to_obj	surface_to_obj
surface_to_triangles	surface_to_triangles
surf_convert	surf_convert
tracker	tracker
trac_all	trac_all
trac_bedpost	trac_manual
trac_path	trac_manual
trac_prep	trac_manual
